,user_id
0,1397149717977464838
1,955724245295759361
2,1534435956509790208
3,1403481452218486789
4,1523842943865716736
5,1476197704489660422
6,1547807101149253636
7,1519821484700897280
8,1471757614493179913
9,235628182
10,1581120961058783233
11,1486707466389786624
12,1576945897103138819
13,117615554
14,1491349011156013056
15,1300747166755954688
16,104160668
17,1220622674436579328
18,1588287621209329665
19,1568746785069477889
20,1225048080363356161
21,1594621684706705408
22,1595470551845314561
23,1573666298311098372
24,1552995104788725762
25,64899582
26,2475505717
27,1580996224269881345
28,1580557717022048258
29,1594385946757193733
30,1582637218820243458
31,4036526292
32,1087363666649837568
33,1570319707797950466
34,1359834724089225216
35,1123056756563668992
36,1434435656088899584
37,2608379100
38,1471399132825026562
39,1051767898757165057
40,1496403206037188611
41,1589969118605717504
42,1570752273529147394
43,1472334984715583488
44,1279732169888301056
45,1001305813581901825
46,1583250301536309248
47,1454807999403286542
48,1324645591658344451
49,1557359056465137668
50,1587174315560243200
51,1583589881351110660
52,1560593372162961408
53,1042706835017363456
54,1588500383340847105
55,1460583328063815682
56,1484858891691507712
57,1575125649051865091
58,1591380312147300352
59,1569770047350149121
60,1583654526623416323
61,1534460069533822981
62,4905256039
63,1576532850035277827
64,1457247422691037184
65,1588715737027313665
66,1502975243307999234
67,2202605881
68,1591488245615202305
69,1435990568169926661
70,1591775525592518657
71,94693208
72,278872558
73,1591755199093227525
74,1591427852020260865
75,1541353755895279616
76,1590586969889067009
77,1475761128542466053
78,1591006281833189376
79,1588925081778262018
80,1590535593339277314
81,2222310673
82,990266165443227648
83,132706086
84,4524441
85,1132206823627296769
86,1200995970072248320
87,1546096228882333696
88,1528589462912978944
89,1358399203488108547
90,1146764785557467138
91,1574770247219163137
92,1580483681474560001
93,1574631453115269120
94,1565886621827928068
95,1494581638025691138
96,1574606005085741056
97,1560693012014907392
98,1583241726902288385
99,1581969996162514944
100,1576522152869646336
101,1379931103079768068
102,3118757820
103,1576978767729287170
104,1577901908651565056
105,1575654145779855361
106,1578030388542603268
107,1580597133194932224
108,1578949727831351297
109,1577976093163884544
110,1583535879318110210
111,1569961318517440516
112,1577053809460797440
113,1579127706893123585
114,1550757127949389824
115,1572914810588745730
116,1528698935815966720
117,1503151992625004545
118,1567848638759534593
119,1540327457609244672
120,1494537902662950915
121,1464749018827747332
122,1515313514919129091
123,1212242950408695808
124,1572972881877012480
125,1577186463564943360
126,250529047
127,859706234890461184
128,1446974192193191938
129,1205905063283064832
130,1574228796718424064
131,1581836851908075523
132,1556930976843870208
133,786207363355205635
134,1578717988572008451
135,1573090040976412673
136,1081666636317261824
137,1151602935916183552
138,1580460761234956288
139,1444789737898721281
140,1575427413378535425
141,1557522887531274241
142,1575712023404388352
143,1567913188691173377
144,1214052561646313472
145,1564174870417936385
146,1524444318320103424
147,1577319320501485568
148,1570264536560848896
149,1572430523263488006
150,1456228466114777101
151,196634670
152,1572656392049201154
153,598600363
154,1551916714002366464
155,1522823280994009090
156,1392185031238373376
157,1641744349
158,1568866739387092992
159,1547078912769130496
160,1461952005560147975
161,1555561592993247232
162,1566704059423277061
163,1439954375103766532
164,1263481516119769089
165,1435580372725551106
166,1568603955944632327
167,1567127964281671683
168,1456095573476446212
169,1499631888017014786
170,1567440879388065793
171,1566260975661207552
172,1712496733
173,943029186607722496
174,1240902026805964800
175,1554081375430778882
176,1567830892659318785
177,59532871
178,948268586790821888
179,1556846910853373952
180,1337308336060919810
181,1561358797301764097
182,1563764815780544513
183,1287203477991514114
184,1432660196707356675
185,947800699
186,1538817393585434629
187,1424305141625225216
188,6175562
189,1558722904392859648
190,114304759
191,979949136223981568
192,1556037303977525249
193,995564605890904065
194,1505180659421093888
195,1477816429974286340
196,2519674952
197,146380164
198,1550500392089268225
199,1389951017035321353
200,1047754447785357312
201,1367701003387080713
202,1553390634899324928
203,1511654344768516100
204,1555916687844655105
205,1423993040130039813
206,1557960440952414209
207,1555190311005343744
208,1558108933281431552
209,1528338875151970304
210,1483353869329797121
211,1555113937582321665
212,1547820794486882307
213,1555019486650302464
214,1494574868259827716
215,311946023
216,1519230473217716225
217,1149586179639005185
218,2876784140
219,1553767624160321537
220,306732750
221,4754015665
222,1356768438039928834
223,1552644013777653760
224,1552129534647971841
225,1546276537070075904
226,1434783143844728837
227,1478773129644474369
228,1503779408733437952
229,827151472760492033
230,881887525471526912
231,1062866599445594117
232,1540301330442780672
233,1543100211152945152
234,1495376272335470599
235,1331462407856635904
236,1549047103305187328
237,1539485219102683136
238,110133045
239,1530800345932529669
240,1547204190086131712
241,924630525377003520
242,1186436112685756421
243,1257006065117356033
244,1534157435015151616
245,1540712334372376576
246,1515514621255245825
247,269393430
248,4899364238
249,1181902436279054336
250,1106438367535747074
251,1484441387626295297
252,1195711250157539329
253,1539962454146695168
254,1174342565341982727
255,929698843993579522
256,1543208672116953088
257,821016428887228416
258,61778152
259,952385658781249536
260,1937733343
261,1507459348330868737
262,1498044478891839488
263,1540079518811291648
264,1494118298518052864
265,1233028917084114944
266,1421420227137392643
267,1489242395355258882
268,1455155428283740162
269,1073906602581716993
270,1527603102450589697
271,946301025052270593
272,1532969451011702784
273,1436014850975559680
274,759737997583523840
275,194940530
276,1505456774182498304
277,1523894726583234560
278,1432021231
279,855939553437171712
280,1477651754758320145
281,1335847128552206337
282,1522909407012700160
283,1501546680189329411
284,3063253194
285,1539007716487995392
286,1502642694769676289
287,2811721658
288,1537997088314626053
289,1512292216458211334
290,875433509195624448
291,1562836370
292,1515193500899627009
293,842889825711661056
294,1507229032991330305
295,2974959649
296,504158214
297,1533308051234557952
298,1048423081293709314
299,1535257010677030917
300,1525470512024940545
301,2372990426
302,1097680446
303,1375257537725878277
304,849283309859258368
305,318460444
306,1050968250887036929
307,257947017
308,1478756361572069377
309,1499576920841011200
310,1533641531474661377
311,1533267100579790849
312,997204616
313,1490431758793424909
314,365935741
315,1343563918552096770
316,1140123379808083968
317,1247813831880998912
318,1531597688780619777
319,204946062
320,116697363
321,1529749136593289216
322,1499209194263625728
323,1474703882496651264
324,1529785545060413440
325,1424262087577014272
326,1003239716139950080
327,1476170102
328,1478655891457343494
329,1400755753556733959
330,1519177753463242752
331,1220599926373044226
332,1507009500435611649
333,1520020363794468865
334,708843839402807296
335,1494112272670928897
336,1427718904814571520
337,1414947117961973767
338,1053627319883943937
339,1524553956328108033
340,1423788171708407810
341,1524153715522867201
342,1509125910867615749
343,1523586954469646338
344,1213988870204747784
345,232004933
346,1490861642292285442
347,1520774210104487938
348,1510917593510866948
349,1185719872468054018
350,1428660965696892930
351,829306046988562432
352,1352585012160262146
353,1439826511406649347
354,986768732050477056
355,1467507612459622404
356,384915914
357,96785342
358,1493519453451022338
359,1491402216397164545
360,2647429189
361,1501747940624416772
362,615138074
363,1517297856780341248
364,1494118300544286725
365,1513731043265679363
366,1371806571718606853
367,1115985999178420224
368,1448369655328874497
369,1471975044
370,3012096169
371,1457605923145494529
372,265482150
373,1507473921838247937
374,1097622676938473473
375,1490148891236261889
376,90622230
377,1515127271551500290
378,1360411748000387075
379,875313718929666048
380,1493757743056158720
381,901409446277955585
382,935065385371541504
383,1393126725467336709
384,18416637
385,2378573419
386,150022978
387,1003651032277233664
388,1501732113883668481
389,68288354
390,1449159721236062213
391,1485768587729985538
392,1340281056897822720
393,175303726
394,1494493066589532161
395,1494342608
396,1253466484518514689
397,1501119947447349251
398,1487776428028424200
399,1248191406536970240
400,965135080736808960
401,1293200360857731074
402,856747575403134976
403,1455481202291326985
404,1477413780074205188
405,231066895
406,3016735406
407,1501204128357310464
408,1454123131082215426
409,1443621528554258432
410,1438826981458464780
411,1257985431813025793
412,1494107744416444422
413,1474971878444134403
414,1276422312821059585
415,1348255414761054209
416,4700434261
417,1494104683912503299
418,1406223478433275915
419,1501474588080754690
420,1465900042078855170
421,1443888340579782676
422,1468421526299226113
423,1440896873783431169
424,1472445436632125444
425,1066811485
426,355380719
427,1502964115521912833
428,65025580
429,962255473884913664
430,124765830
431,1501858874227400704
432,1229331505
433,1361965883418169346
434,232782366
435,1499631000023826432
436,1190249220038520832
437,1497180894129491970
438,951973946139713536
439,119982188
440,1467460123010506754
441,1494201855143936000
442,1427990454109315081
443,819799113478729728
444,1081219698950324225
445,1463411968111353859
446,1496466449061216257
447,211821284
448,393264082
449,1323162951725953024
450,106041696
451,1310514666766872576
452,727484113305792514
453,1354240699093278720
454,1488761719795351553
455,1374824689
456,1494103226609979392
457,1458614990395809794
458,1451135300307095555
459,1399932624710160388
460,1474699850789056514
461,1458850423750934529
462,1444516571997634562
463,1486976582866857984
464,1428540204084695040
465,1235201835624837121
466,1463153431502221312
467,1469351734225305601
468,1461487620027187200
469,886482625682038784
470,901729966630383616
471,1427436669599326219
472,1456522627796054016
473,1455395867536465920
474,1471490328578621443
475,1487317007322075136
476,1935715328
477,222724788
478,106287083
479,217759338
480,1469538700086640643
481,946236963614420994
482,1454874314994450433
483,952177513886699520
484,235779672
485,1484037475521949697
486,1341014665598386178
487,1465957220357754883
488,346997313
489,1330943501916282882
490,729585481604718592
491,1478712931974250501
492,1266842868418633728
493,130088222
494,1447494644586086403
495,70899378
496,1441748782702489610
497,1451769694998851587
498,1463861008267718660
499,1442018376574910468
500,1432340009487515661
501,1473631900749410308
502,1168317259250487296
503,1456439064752979969
504,1462237407882145794
505,1040934005464428544
506,1457313907249676288
507,1339138105836597249
508,67430296
509,1457254119325171712
510,1448983769361235989
511,1382902552677601283
512,1414927921999847427
513,1458964671046717457
514,1466291835153055744
515,1455088904927776771
516,1463867869943455746
517,1438414667160772609
518,992670300499148800
519,4636154112
520,1299658304503730182
521,1423284358459269138
522,1468492781161426945
523,1228977893474062337
524,1434668356255162369
525,1101301440973168640
526,2611285658
527,425625223
528,1458396419073912832
529,1284616967983255552
530,1350417683804655618
531,1456473488370565120
532,2786085745
533,1466582180285792256
534,1098938123906662402
535,14585847
536,1455696307314565122
537,1443805578443190272
538,1315296857614999552
539,1420351100004159489
540,1459984087209619458
541,1284984447033470978
542,4879808254
543,1301326014488801285
544,3701191273
545,1462390456533278721
546,1464410963957121025
547,1427469196758159362
548,1268951723638263814
549,1450796494232047619
550,1441259992447815684
551,849916131447980032
552,1282516632212922369
553,1460788141628215297
554,1155729313041227776
555,2776430330
556,893051697265647617
557,1461836605317124097
558,1461334842407534592
559,1455205286201937924
560,1406031911311405056
561,1270983777599098881
562,1452188482370093059
563,4802972340
564,1128637244435156993
565,1202492857254203392
566,1258999744019304448
567,1267382515024580609
568,286009111
569,1443943036237410311
570,1457323464428519424
571,1400786776747221001
572,1352871249576300546
573,1000686899135102976
574,1455829034797989889
575,419676788
576,1456425614333059072
577,502476309
578,1404805920878702592
579,1451293075817467904
580,1453473986789068807
581,1081933625258520576
582,260812839
583,4262802734
584,760488630460657665
585,3551532493
586,1440315882496954370
587,1448835738129235969
588,1426176345252401163
589,1449326544933908485
590,1047468306582499335
591,216661927
592,1033709965100208131
593,751449591560609792
594,2915096604
595,1451002009109233669
596,1416353369933836288
597,1447378426759827457
598,1451178836939341832
599,1342384591114420226
600,1018468766219292673
601,1037106577432489984
602,1249999305747775489
603,1450245711652536320
604,1401984691985534982
605,866669955168706562
606,856126147637030913
607,1363872227473510402
608,114738914
609,1276455663091085312
610,1339061182003437568
611,130173988
612,1446232197820727301
613,3063288756
614,1009679046215548928
615,1368094426891841540
616,1049691555932426240
617,1109930541984301056
618,1270236737667624963
619,1258071638899191808
620,1432654848072159235
621,1386921769718583296
622,823006606837174272
623,1094154259254243330
624,1441787837943218186
625,343900283
626,1446862195950817280
627,1119476383351132160
628,1389552071901290497
629,897948467506552832
630,1039836193708376069
631,207862805
632,846697048715870209
633,1446042899620106241
634,360342689
635,1213176082616086528
636,1432300175192584192
637,1184453683616141312
638,187403088
639,119273540
640,1027735222387761152
641,1185562336079171586
642,1443749939981348876
643,1352648578276057088
644,1225054290986749954
645,1429141032
646,747827452248920065
647,42034114
648,1237685363612602369
649,2926117886
650,1274722686824968192
651,1257674115491586054
652,1382640564512825344
653,1367015719142002691
654,888694988
655,1439576534977630210
656,1435890502595870724
657,910693198497947649
658,1431654555159252997
659,1029920174684614656
660,1199623514384265216
661,830058927676993536
662,1263653368699867136
663,1437907081714028546
664,143801589
665,909737113008062464
666,124924035
667,144051915
668,1430139568666431537
669,1406811007641522178
670,1429489326304411654
671,28977548
672,633638200
673,510164714
674,1431545101059346437
675,1420140251494772736
676,1308996786149879809
677,1370995191461466115
678,1249906231361155072
679,1425729341791477760
680,3020398915
681,1432943448085041155
682,1186046714387415041
683,1357566361489211393
684,930211685272391680
685,1421753747986739203
686,1400108664233463808
687,948441791149178880
688,1225440001556541442
689,186741393
690,4123979354
691,1275640509663494148
692,410040841
693,1294500203559399429
694,977504627347226624
695,2352407984
696,1403280876113256450
697,1224685974485004288
698,2937185894
699,1320520431967715328
700,1054733841527648260
701,3194764428
702,1254392732132360192
703,1096965789150674945
704,1028552614210748420
705,1402511869638627328
706,1419930813764829185
707,1422617388009226247
708,1225892842767179776
709,1515820225
710,763707620
711,152140472
712,1369505354
713,1299084561675030529
714,828285775196217345
715,1390979743151919104
716,1200616541269610496
717,1407623188683493376
718,1406891973374406658
719,1389160979519262722
720,3897067572
721,1413896381790507009
722,1365126099152236546
723,1320228471956619264
724,1324561344738201601
725,1376033235017211906
726,1241244602431987712
727,3190703646
728,961014841111560192
729,1240675497157120000
730,1196757560667201537
731,1406372433557217280
732,1262833748292198402
733,1412935328957190146
734,1283704367435010049
735,1162632494530752513
736,1252418806909071360
737,1411947552144986115
738,482021125
739,1181856847487107077
740,1259325054644449281
741,1398437120843280388
742,1402890306324885505
743,1187054568191868928
744,911739527399563264
745,1174229125420277761
746,1355415504081436673
747,1390961297726926849
748,1389513549035184130
749,1124355081359335424
750,251116795
751,988745178138656768
752,1401801126974869506
753,3235929726
754,385913900
755,1356064878897754114
756,90352224
757,1391045630739369991
758,129776345
759,1301073066965884928
760,1400760454910119939
761,1400988147132076033
762,926632348879273985
763,989400553468739584
764,896236449107918848
765,1110215522
766,2546379222
767,1241416821573423105
768,1364855593169657856
769,1298411252671107072
770,1290122428656451585
771,1232635005983019009
772,1265629791559942144
773,1198477687515312128
774,1180499275
775,2343247026
776,1301067429951336448
777,863348273750327296
778,867315660564516865
779,1150194841671753729
780,1391736214596710402
781,860768429321539585
782,3777025333
783,1132423882114125825
784,1390668869501599746
785,1370595018180685824
786,4582782912
787,914043494708109317
788,2877850855
789,1287885828035813377
790,1382727772682915840
791,1388888926748696580
792,1388400405348900865
793,1055447764379754496
794,1247852282806337536
795,4653728359
796,2271670416
797,2320824894
798,1387080300614754306
799,1310567323116294145
800,1376065178429648897
801,594531823
802,306804934
803,923512918016114689
804,1248162838268370944
805,1381823288263860225
806,1275570921315565569
807,1366728234486784001
808,872294638110912513
809,1226214377851764736
810,1147690981514285057
811,948461066794618880
812,756096365843746816
813,1370036496804188161
814,2436996582
815,803924017606377472
816,1380400597749231616
817,1367724407293046790
818,781787036378210305
819,871573957
820,2755431313
821,141884973
822,12221222
823,1381746999796453380
824,2704023356
825,3268834716
826,250313025
827,1232625806741889024
828,1131833810
829,2315267724
830,298932510
831,1213660091049594880
832,1124268077300862977
833,1090458120646647810
834,1076370120090349568
835,1265180177748787200
836,1161853424373133313
837,151376202
838,779129281070796801
839,1346073467913871361
840,1327925318716334091
841,785611716155498500
842,1063425226833162240
843,3824483780
844,4783146517
845,1346640496148451328
846,716627382858219520
847,1233765835488890882
848,2817200960
849,1319594942117728258
850,722055411331768320
851,1103550460336590848
852,987627790433304577
853,1131817845984120832
854,99263661
855,1040181316640112640
856,1194891622078484481
857,1260368109388480512
858,1325353655751507969
859,1321709451204730882
860,397920135
861,1299571825517539328
862,1372160665297645572
863,861563334792957952
864,1183760337742356481
865,1311976470307192837
866,791308963757248512
867,1303641853376380929
868,1207191154346692608
869,729610417
870,1211908971847548928
871,1258647419383775232
872,1301569117439184897
873,99670729
874,737769376128995328
875,1081708358732632064
876,99050532
877,1286686954847760384
878,718654904844222464
879,2262591259
880,1139762555432271873
881,475595534
882,1241916265712607233
883,1061857035665305600
884,1334683087465115648
885,1089021351145304065
886,952155699215134720
887,1371337012188385282
888,3114041257
889,1028812476714872832
890,1096399907605204993
891,1857552354
892,1368602952915546113
893,17349381
894,506088580
895,1069146708146192384
896,162383294
897,1298996444238450695
898,124753538
899,203219232
900,386538440
901,1293079224509579264
902,1024960387098112001
903,1286536542169657344
904,705539763349164032
905,36912323
906,1322738212289142784
907,1250615798206365696
908,1348182289683869696
909,1326386699530874880
910,2575003483
911,190576580
912,1212706715642155010
913,1353991098461425664
914,797840198851665920
915,1313799260228349952
916,1331074867089686528
917,109402637
918,115967794
919,1213416016325140480
920,1254265222237270016
921,1237270143228493825
922,1190386250064310272
923,707546367590141956
924,1286830629330407424
925,2536304652
926,1159068598083547137
927,1343652507516604416
928,194848116
929,1259091440761663490
930,923844659205378048
931,961544622806917121
932,19284888
933,381891512
934,1357925717980315650
935,2906653003
936,1254928297927954432
937,1311649939697537024
938,1206965082082574336
939,873369775
940,3305295139
941,46913066
942,1318190993275908098
943,1185795408867409921
944,874603406106673152
945,1101393160595431424
946,1357236540263391233
947,838388000610377728
948,1099285271755911170
949,1335920690
950,1723636572
951,1189664778844688384
952,884058705905369089
953,940953106161868802
954,1039896458705563649
955,95009895
956,132530402
957,1219880325225963520
958,1326861333971693568
959,703969390950133761
960,954586754605985792
961,1052130733211303937
962,134106791
963,1353143457867390976
964,1344112476472807426
965,1021273151735357440
966,1354804366742491140
967,3301376976
968,1105806205383905280
969,881409991000772609
970,1253432627836542978
971,732567636807028737
972,2488059066
973,182333674
974,89153835
975,69008611
976,1271368509767905280
977,2176293996
978,959311711969861633
979,88426605
980,1037473497881042945
981,1351012158759448579
982,1173876781054492672
983,944517941747318784
984,1018072155534254080
985,109291638
986,1182633343369695232
987,1342761026031259652
988,96373313
989,1108705900930318336
990,1139627226
991,1320664646039134209
992,795986359299125248
993,70679702
994,1350458063291965440
995,1342792712605507584
996,1163428568702976000
997,1280505216325029889
998,1302616511543033858
999,1234022406483693570
1000,1226585278581624832
1001,200861948
1002,1231239171022262274
1003,914386390204297217
1004,1239383293272813575
1005,1196239012022738944
1006,728276368765517824
1007,1095635786953682944
1008,2436623508
1009,1305529603792855042
1010,259579721
1011,1091113996675997696
1012,1069958681758859265
1013,1344565787047038977
1014,1161854604738355200
1015,1175546808002416640
1016,1231444422107099136
1017,166574518
1018,1300806074543472640
1019,1258934027907510273
1020,1164930764024115200
1021,93803406
1022,1263735843530797057
1023,793578164375154698
1024,1285338493208518656
1025,1213998820226301953
1026,1284841376073433088
1027,478719772
1028,705009924690956288
1029,1105068324612759552
1030,1091572854687035393
1031,4543114284
1032,1307662212920565760
1033,1192656055328624640
1034,3014058284
1035,1067924323
1036,1001849975490277376
1037,1132119708239421441
1038,843235740
1039,2857634372
1040,1330707273186897921
1041,801013622142955520
1042,983239939952230401
1043,1304271808477032448
1044,2513907192
1045,1088800986
1046,2864921003
1047,877961884388831232
1048,1191991609899941888
1049,1156169021269561350
1050,1208948578653065216
1051,1281400922380201986
1052,1323955652339773440
1053,171012994
1054,1309594568241770496
1055,1309804977024450560
1056,1141965928092950528
1057,1075794524688056320
1058,175409608
1059,923920753212325888
1060,760086172265619456
1061,121751551
1062,993065151317200897
1063,1324329677519945730
1064,920962282326179840
1065,712720356587364353
1066,820587780661067776
1067,937278258550210560
1068,1253183190841167873
1069,1228991691421442050
1070,1225041943354232833
1071,1586270586
1072,1252116808452075520
1073,1107977981689913344
1074,1024217196313030662
1075,1310958359772835842
1076,1037134675364331520
1077,1233013932916264963
1078,1202963705366904832
1079,1272542616395997184
1080,15822191
1081,1212873815333539840
1082,479746935
1083,1316648871750057984
1084,1326474452486422528
1085,763221217675386884
1086,1319654736212021248
1087,1183248159046193152
1088,1154690841241243649
1089,1052042342331375616
1090,1072713583580991488
1091,914307830378782720
1092,714229506492346368
1093,147146147
1094,1239483003417419777
1095,2974822094
1096,1305779629307777024
1097,1319231891527131137
1098,1255851462506110981
1099,1135196273617690624
1100,925972172723519488
1101,1228525844286455808
1102,1161240710663720960
1103,349723122
1104,1242532516449251328
1105,3185523811
1106,967200592043978756
1107,1260788557053956096
1108,1100608741643214848
1109,1252572893382234119
1110,1310921283903746049
1111,112917691
1112,1278316660298887169
1113,148261640
1114,1259649140666953728
1115,735082720632541184
1116,1309517009911128064
1117,1148572056033878016
1118,860697332828045312
1119,15081182
1120,3322367652
1121,1185133762650095616
1122,1173695309769142272
1123,189884350
1124,1292376047300702211
1125,1178695968918626310
1126,1240538835835973632
1127,1308806250541457408
1128,1305340041636409344
1129,958179187231084544
1130,1142929943124312064
1131,3182275076
1132,1135729429
1133,1305032529431257089
1134,994496151788257280
1135,99674560
1136,1294146592132349952
1137,253382375
1138,1197370415301066752
1139,1461823428
1140,1300696616714731520
1141,880452620728414208
1142,1294493239509041153
1143,1293624848434917381
1144,563438203
1145,916590859088314369
1146,1242153048488554498
1147,3267934093
1148,2780824628
1149,1306539491260211200
1150,1259058143406944256
1151,1298972840905945093
1152,2839537399
1153,110988637
1154,1226352878295502849
1155,725154641747435520
1156,1134976385091432448
1157,3131243261
1158,1303592776823574530
1159,778890246062682112
1160,2877332862
1161,795188519115358208
1162,1202484944
1163,85614978
1164,310735771
1165,1291876490099884033
1166,1300471326512164864
1167,1173537356747612160
1168,1111232571579355138
1169,1159794084132769793
1170,1241340658461208577
1171,2995939670
1172,219297826
1173,1015833287833481218
1174,114073126
1175,2415478665
1176,1294105665913237504
1177,1256181846523752450
1178,1103582386061598721
1179,1110711337082982400
1180,1149649880610045953
1181,1152104892737081345
1182,1023121195070177280
1183,792775704
1184,919860067104563205
1185,3071677880
1186,1265460724463214592
1187,3017347494
1188,1276037605126098944
1189,920256931163283457
1190,1163462452983418880
1191,1154020563913850881
1192,221717159
1193,1183963909314600962
1194,1236604417849221123
1195,950185535263289344
1196,853550857433956352
1197,102010317
1198,386950389
1199,1278312784627826688
1200,1157095086733185030
1201,933207040263991296
1202,1122430818696122368
1203,769173776
1204,4693328959
1205,1281524741656817664
1206,1136575202286919680
1207,1158018381829701633
1208,1027740346875138048
1209,1176537414434619394
1210,265938701
1211,136608176
1212,4715331630
1213,1100978916481630208
1214,300025404
1215,866256782666092547
1216,709167983906545664
1217,610478096
1218,1175065816284323840
1219,121350784
1220,2929616936
1221,1129524052320591872
1222,1041704228299825152
1223,1281758037540143104
1224,777843665838362626
1225,15339816
1226,2793747442
1227,1134979394517102592
1228,1265892437328683008
1229,965190773535793153
1230,1140734061238898688
1231,886407361996312576
1232,90998672
1233,265509405
1234,3270878251
1235,1259999673504292864
1236,926144743314038784
1237,69548261
1238,3889631
1239,1280504610000699392
1240,883991271647215616
1241,77951057
1242,64894165
1243,1087409101443719168
1244,117017233
1245,726962885461602304
1246,919109524669186048
1247,1275606499314679808
1248,1483698792
1249,87584463
1250,464271696
1251,883199049632841728
1252,820885485237059586
1253,1151454760710496257
1254,748371724387901445
1255,1092662974722895872
1256,1141952118368034818
1257,1227437320745472001
1258,3152021906
1259,119289466
1260,1276510952276455424
1261,846317267071643649
1262,1149941993130168321
1263,1074532372790403073
1264,1237714281308643333
1265,976421368890671104
1266,941799123283349504
1267,855029631656775680
1268,813885289504477185
1269,3387993914
1270,851420515243773952
1271,429739147
1272,1247803049772384257
1273,1143796061166641152
1274,1235178082643759104
1275,1205846777456316416
1276,711549592265842688
1277,3129679706
1278,1293639205
1279,1259187261389762560
1280,1260354844885311489
1281,922010185635213317
1282,153083511
1283,822474711124672513
1284,133334386
1285,1051376264647389185
1286,1192053878834941952
1287,1156469842527920129
1288,1015240565900730373
1289,1266837203600027648
1290,1352118355
1291,251645366
1292,1244751941927727105
1293,912180140708315137
1294,1058346568288415744
1295,1002888389014650880
1296,1138798744793542656
1297,1082259978088460288
1298,1035550163811463168
1299,1227389627675185152
1300,1257968660158636035
1301,875765725
1302,1132191489776185344
1303,852487470
1304,1205114938861051906
1305,1577808324
1306,216763164
1307,828986055357394945
1308,1149221558793019392
1309,1246957655463084034
1310,1227226685113688066
1311,634575057
1312,1265651843985629185
1313,77646415
1314,113845422
1315,2302030674
1316,109818843
1317,130671955
1318,147792026
1319,632000561
1320,1147672277741211650
1321,1111639395508150276
1322,1195696365910642688
1323,1129722598147940352
1324,1210914213415141376
1325,1244525901758386176
1326,1265250478553804802
1327,1251457888695881731
1328,1092413754824773632
1329,1260099037539168256
1330,1250275617209110530
1331,1170170958541447169
1332,1206733132247924737
1333,1258262837882839041
1334,1906275108
1335,586679095
1336,1247002138590339073
1337,1190225563157327873
1338,1233539023936925696
1339,161639190
1340,4732377499
1341,1484723976
1342,1171267961308344320
1343,260667184
1344,85638721
1345,1235403456489259008
1346,868390367757950976
1347,2905762190
1348,1190893674965524481
1349,723669019979448321
1350,1235917403751505921
1351,1038547962463309824
1352,133242003
1353,1368316560
1354,994473674437636096
1355,577968535
1356,3075225966
1357,1253211003220750336
1358,880009594260529152
1359,1257463869162704896
1360,3097530570
1361,3300684862
1362,1256792419057561600
1363,2359741856
1364,853256234186661888
1365,1243386714988503040
1366,1241365695520067584
1367,1086418162797559808
1368,1237384809002876929
1369,966124448100229130
1370,1205038164886216704
1371,1170901430535737344
1372,4311591793
1373,1128633841457909760
1374,1605151998
1375,1049694537101193216
1376,1240946131212722177
1377,1254091207401078784
1378,1249934197587763200
1379,1236048466565943296
1380,275844919
1381,1230825808073117697
1382,1164803906896986112
1383,157353152
1384,901071810678079489
1385,1014251975901245440
1386,2942519114
1387,815873781252009984
1388,1122501598880526336
1389,1216765332850798592
1390,1206468994229620737
1391,1155989045199028224
1392,726419164416499712
1393,3285816876
1394,1095321370634797056
1395,2935779733
1396,2409052309
1397,2943280602
1398,1236259351582494721
1399,49279007
1400,831619001625276417
1401,1201885253318643715
1402,1329714710
1403,973142341966970880
1404,1205778797997330432
1405,1108480233328410624
1406,731281753537552386
1407,1063106940220260352
1408,133739961
1409,1110123233750061060
1410,1080062117296758784
1411,724982125154291712
1412,1234645854385889280
1413,1234137962419388417
1414,2868423288
1415,1198126638057177088
1416,1052078674466357248
1417,1226881700459757570
1418,1486621082
1419,610880256
1420,790421130829967360
1421,1113264407650361344
1422,3310386482
1423,1201083651254968320
1424,186345103
1425,2451521166
1426,1066213152415600640
1427,169045792
1428,1214918489883856896
1429,2450547888
1430,887201745511657472
1431,1160586314825097216
1432,1180090511983427584
1433,713162700340244481
1434,1155838391524528129
1435,1194185517954265091
1436,1198753287492603904
1437,752390468743278592
1438,1212415775828410368
1439,846020191737860097
1440,841604463395667968
1441,949651255193825280
1442,793460772009455617
1443,1223698861820170240
1444,704632232627965952
1445,4519972935
1446,363058505
1447,854855133481402369
1448,88073231
1449,1222505292073598979
1450,2213141400
1451,1185515554242813952
1452,438913784
1453,1183670329417162752
1454,1045048652421451776
1455,1213440195774672901
1456,984077060
1457,706273870781677568
1458,1214256497665794049
1459,1028274567402274816
1460,864567768686837760
1461,4608851954
1462,35203319
1463,767140580132392960
1464,1174957310327713792
1465,1213421552944812035
1466,915105349476036609
1467,236440463
1468,1208366534617288704
1469,1213420491462995969
1470,140685888
1471,1016498804
1472,1065131908760199169
1473,1209998091044052993
1474,803401801194094592
1475,1212837290327695360
1476,103305834
1477,1151315970243190785
1478,144132091
1479,106564983
1480,1022057646851936256
1481,122995373
1482,1081112840902107137
1483,4746979608
1484,1050014789873819648
1485,320064246
1486,1737865308
1487,918194839237382144
1488,4667401698
1489,1214896299021086721
1490,834014364067717121
1491,105396396
1492,1105297666047524865
1493,203149165
1494,2441024676
1495,4580640314
1496,982067899320840192
1497,938822527958204416
1498,2516071226
1499,976297416478490625
1500,727777271189213184
1501,2848069098
1502,1137509393648373760
1503,1015828528888098816
1504,1155111196191674376
1505,1200088539825758208
1506,1209914374963396608
1507,1156204285966688256
1508,956121280708669440
1509,1118013699007008769
1510,2998609171
1511,974252071405813760
1512,1163294625362087936
1513,455256347
1514,1202958682394247170
1515,959602509366018048
1516,1203678476336676864
1517,2314016102
1518,841930452730540033
1519,2247037400
1520,959985072047767554
1521,822059060505690113
1522,1209903952004730881
1523,1013124488
1524,296794926
1525,714798105586049024
1526,932017001681186816
1527,84081727
1528,216633894
1529,2148925184
1530,1131032652083998721
1531,142264892
1532,714065489752764416
1533,1148570452534554624
1534,1126690551560982530
1535,876334934960492546
1536,789750535
1537,1061102908505116672
1538,980832879755186177
1539,885789274720813056
1540,1057289150594863104
1541,1181523713964949505
1542,1349027298
1543,754122584015253504
1544,1081054216909512704
1545,884403489975132164
1546,1051433521716191232
1547,86509275
1548,1029975614814441472
1549,1110488727271292928
1550,1080298915289681921
1551,285085670
1552,781785217
1553,1183231739289731072
1554,1203270895717867520
1555,1058931371203211267
1556,1196629685930614786
1557,1177157666763763713
1558,851228060825169921
1559,102494334
1560,83055940
1561,1204675322848788480
1562,1205786214185369601
1563,1181065313216954369
1564,1142579819772669953
1565,800316220285194240
1566,1196036284487106565
1567,1091986868529328128
1568,1004652335224639493
1569,1184208628842000384
1570,99596609
1571,1154050194008227840
1572,1130850833224982530
1573,118959459
1574,275016443
1575,1083695211245494277
1576,957842480686284800
1577,1196892753650573317
1578,150864713
1579,1204625666341138432
1580,1093061167298228224
1581,1039617616740937728
1582,1151328532255035392
1583,1205012035169177600
1584,968772157286137856
1585,1204745479969366016
1586,1138297104202289152
1587,979980852074397697
1588,980056089898045440
1589,1174192932443820032
1590,1051676578843779072
1591,1121649838066552835
1592,540680360
1593,1176771884429430784
1594,1150329298978390018
1595,1854296377
1596,1190737719892291584
1597,371137744
1598,1196627665911812096
1599,2686331940
1600,1194972998421213184
1601,81537316
1602,1199531619268194305
1603,1153182836259774464
1604,814765047956152320
1605,731149219608694784
1606,1198836602807570433
1607,83109273
1608,747759958968537088
1609,115006056
1610,973434802513702912
1611,1135147674615799809
1612,1123930118169272327
1613,1186650338226360320
1614,236450828
1615,1160180162320666624
1616,934591491493707776
1617,717681573139652608
1618,1197134229202595841
1619,1066612575511633920
1620,989790190670524416
1621,212452282
1622,1184402174790340608
1623,1124452214406123520
1624,158316289
1625,1152421701029777408
1626,1175411766995456000
1627,1189822444367953921
1628,1058386746369466368
1629,1197169312181760002
1630,1019749407586041857
1631,1186952928680017921
1632,382858193
1633,1182321177936707585
1634,1195685933733097472
1635,717862096193458177
1636,206942049
1637,1047988071633833984
1638,186693996
1639,1099157082215829505
1640,1183209047899680770
1641,1020334951831547904
1642,1169262603979214849
1643,1013479724582985729
1644,2215544029
1645,1194512491688017920
1646,81032140
1647,1131796278617100288
1648,123467158
1649,581400244
1650,152613523
1651,750609276511539200
1652,3491613734
1653,496551683
1654,1160523122702864384
1655,1130161726240854016
1656,1150057833452298240
1657,1192611439472721922
1658,1139835574708133890
1659,1183398113651773440
1660,137532458
1661,1186104559724138496
1662,1145786568000573441
1663,1155325983165014016
1664,1157103657998925825
1665,1118156246438121474
1666,133214671
1667,2360556488
1668,922431161141379072
1669,4733678342
1670,239181149
1671,1189054589326090241
1672,1140007896161255424
1673,267100266
1674,1150878601325056001
1675,62077345
1676,1189769743042920448
1677,1158738460825378816
1678,1188346185792180224
1679,914336751228919808
1680,130783098
1681,972480161869266945
1682,1112708712710340609
1683,933997072356851713
1684,129469598
1685,877211640554430464
1686,960493316813963265
1687,4881851864
1688,2254599866
1689,2910363920
1690,241906379
1691,94749234
1692,105156858
1693,1188944590469922816
1694,55519844
1695,1176346639780311040
1696,1082936016321753088
1697,763399267666960389
1698,2473176048
1699,1188349674136264704
1700,2497613953
1701,1042395692264710144
1702,521499035
1703,622811585
1704,862024712704086017
1705,833609699459149824
1706,136657608
1707,181847784
1708,2417240046
1709,1091952590277857280
1710,702075516409348096
1711,825578603341500416
1712,2779723315
1713,1167351722336849920
1714,1172090417233326080
1715,1147888146069114881
1716,1048984388724088832
1717,1129701925874569216
1718,79735085
1719,1168620821582999552
1720,1101854060225822721
1721,1183336317557469184
1722,3062531936
1723,1168498914682535937
1724,3235088209
1725,557850656
1726,21046705
1727,1179196455736631297
1728,1116966633426132993
1729,950009796857446400
1730,265871673
1731,840565108736634880
1732,59423778
1733,1174361884889190400
1734,265243153
1735,548548837
1736,3292114615
1737,1017393535375499265
1738,1116865478494810114
1739,1184458222742179846
1740,1131397383382683648
1741,1076107977407455233
1742,725108491472502784
1743,2199831698
1744,1183315019036938241
1745,314939409
1746,1031300370557890560
1747,948509019487924225
1748,901007503483314177
1749,958985799332057089
1750,4859337137
1751,1033830535724822528
1752,724009286
1753,1153266561580318722
1754,1181605603950489600
1755,795668244992434176
1756,981889643099578369
1757,1110147296174309376
1758,1014774586422882304
1759,1143846916519682048
1760,883859093093367812
1761,20099829
1762,1178167617405640710
1763,211121119
1764,818835388793925633
1765,1152635143921623040
1766,841147850884968448
1767,1049649622698713089
1768,136804144
1769,1151031170307485696
1770,1916904511
1771,999309759567183872
1772,990874743199821824
1773,1953232400
1774,1260978757
1775,70085383
1776,2814200125
1777,104028133
1778,144229500
1779,824971951852527616
1780,546999546
1781,874970218979770369
1782,556520512
1783,1012376596555022336
1784,1016761254201909248
1785,1157206686899159040
1786,961535435393589248
1787,1165903195
1788,82500580
1789,1160793410741030912
1790,116070299
1791,228048155
1792,453950519
1793,1182290982169001984
1794,135788688
1795,1096239797046112256
1796,270634906
1797,798896381964390400
1798,728034914
1799,176234306
1800,512120665
1801,2599606502
1802,553225188
1803,153386905
1804,76509606
1805,182267222
1806,250016546
1807,2866201274
1808,114485535
1809,725306251807051777
1810,959065635593502721
1811,1139861687371124736
1812,3166912266
1813,907153823067545601
1814,1096465361916940293
1815,111710705
1816,1474201435
1817,987896257531162624
1818,825612692
1819,171659833
1820,104057181
1821,1101501397709729799
1822,1004287256796880896
1823,716319875237412865
1824,1025223315688964097
1825,149434125
1826,84760922
1827,2910090606
1828,1171098508599820289
1829,1154033277407092736
1830,3085905135
1831,869505139350028288
1832,2874406550
1833,832041338971447301
1834,152927728
1835,620067530
1836,1098200477223636992
1837,1008500883447902208
1838,3412539811
1839,2419097275
1840,950309727791071232
1841,115281555
1842,829288867815645185
1843,147055637
1844,256471527
1845,1112689188921458688
1846,915452820286926850
1847,527261471
1848,18978915
1849,1168821835783229440
1850,962971560259678208
1851,97398683
1852,2451019627
1853,1521254400
1854,4433342293
1855,1167414821689724935
1856,72175551
1857,198334966
1858,982363305443442689
1859,264823686
1860,1181653916078891008
1861,2361603079
1862,87305031
1863,1126257648788054016
1864,716464628771872768
1865,1103582251860680704
1866,1137517856638193664
1867,977919600636542976
1868,1118822945428627457
1869,157301103
1870,2435013596
1871,936067348779319296
1872,121085275
1873,876425778547703808
1874,73565921
1875,1113387723283259392
1876,900868478227275778
1877,3682276993
1878,1181016119852912642
1879,2170526544
1880,3051847986
1881,167746408
1882,936064435906473984
1883,791060506123444224
1884,2822911602
1885,199555542
1886,1173332196972580864
1887,1106890179317383169
1888,1032943223663091712
1889,1180813556436127744
1890,1151057261340422146
1891,909251308309188608
1892,221704731
1893,925884565599666176
1894,861239711108448256
1895,1149484106905899008
1896,1077400045656260608
1897,122343760
1898,1178498091227521024
1899,1176461328438853632
1900,838028440896839686
1901,849025846186725376
1902,1030683332353216512
1903,726159339669479424
1904,1098173283306954752
1905,1128509980850642944
1906,713031039137005568
1907,2526519590
1908,3315173460
1909,1168871135108317184
1910,915032315637538816
1911,483424378
1912,1156227155673489408
1913,1131787069112455168
1914,850679362588471296
1915,353862814
1916,756542023
1917,2994743132
1918,1140871457477545984
1919,3222917178
1920,1245683876
1921,3184189200
1922,1178270700785684481
1923,212119268
1924,973773830857658370
1925,1149596070894174209
1926,3260748224
1927,715011464369541120
1928,1161031982630858752
1929,729908670901846016
1930,2385013370
1931,265661523
1932,1146346237299286016
1933,118052998
1934,1136084531331489792
1935,156095844
1936,2561397504
1937,796355307379113984
1938,782094458238021636
1939,858731375498743808
1940,2926697058
1941,916273240997167104
1942,610740053
1943,888671229174874112
1944,825598380403339267
1945,1105411992607551488
1946,1139178841916694529
1947,306759804
1948,1160513834496299010
1949,557520285
1950,1128608750309273600
1951,1093491576716746753
1952,1163278575698493440
1953,1031137690219991040
1954,335366601
1955,1148258299315228672
1956,116951094
1957,1079229121249533952
1958,1039146104816713729
1959,1110748410
1960,190662971
1961,1113325720040665088
1962,1097051298770214913
1963,4338452835
1964,729637147225956354
1965,1171579894280507393
1966,1174772000449077248
1967,370742441
1968,115598095
1969,541741440
1970,1014880243146878976
1971,972391195
1972,1945497948
1973,1130458138006581248
1974,1068706315994771456
1975,3330459873
1976,1171976609802252288
1977,960339200473100289
1978,1036939892863918082
1979,1163301335409680384
1980,4450807274
1981,1002916662096490498
1982,1140633577614241792
1983,1123123899862884352
1984,969859683937763328
1985,1248842749
1986,146478244
1987,388767781
1988,837802073181704193
1989,1052602136939261952
1990,2292774866
1991,78892865
1992,1639400215
1993,108139705
1994,3231405882
1995,1109102644738428929
1996,1174473731001016320
1997,2913456566
1998,629100519
1999,1016279561531559936
2000,854648016631865344
2001,1109818264631169025
2002,891584676816498688
2003,121424463
2004,896559452467347456
2005,86974293
2006,112461146
2007,1144526860878880768
2008,1130118221871194112
2009,86263086
2010,1151445887396171776
2011,1174280923128324096
2012,1174346232149528580
2013,897946356534321152
2014,623799958
2015,1176464405787078658
2016,1150013712209592320
2017,857576140101132288
2018,1091040155572482053
2019,1042507385246384128
2020,1153882373089398784
2021,121667295
2022,1098891973568561152
2023,983624317576425472
2024,3970300512
2025,1155093116098994177
2026,1113411009648123905
2027,1173065039130923008
2028,1153787756952219650
2029,120489680
2030,1002966363705491456
2031,928109078957539330
2032,1163485875101143041
2033,1031905873726124033
2034,145101840
2035,1056724991025176576
2036,1037488447961743361
2037,96913832
2038,548562199
2039,1168682549360488449
2040,3236740218
2041,820613319132213250
2042,1161149569142386688
2043,2566823814
2044,884582634298286080
2045,1161838698066931713
2046,2722997100
2047,1155013929040408576
2048,1067204763475791872
2049,790467500
2050,1169845435621462016
2051,1125002709843599361
2052,902536724592476161
2053,915208456767807488
2054,4818308659
2055,976628459077169153
2056,1160113344344256512
2057,2953674686
2058,267459687
2059,2408850931
2060,1146270219041566720
2061,1169988415502217217
2062,1106697220261203969
2063,432983494
2064,824482794315280385
2065,2838726355
2066,374372069
2067,3184305954
2068,949832580139950082
2069,954204551741038592
2070,131765656
2071,137061308
2072,4701046831
2073,295203778
2074,915465104648314880
2075,1102332882830286850
2076,1108431213142786048
2077,220899254
2078,3236580817
2079,1166258861902184448
2080,3634094114
2081,1065430730187010048
2082,338950660
2083,1158357036150620161
2084,1027177639516155904
2085,1149909612910350336
2086,1174499246449426433
2087,1125704300955566080
2088,1157659423357247488
2089,782609167726944256
2090,1646632262
2091,970092626123751424
2092,848476455923204096
2093,67811914
2094,1089774929879261184
2095,3318440522
2096,109226330
2097,2928302545
2098,1164789042036137985
2099,1153101044160663553
2100,191943836
2101,1150459729837088768
2102,926443832052297733
2103,3260015664
2104,4294937178
2105,1133218840626716672
2106,244486496
2107,2934537606
2108,885652726050308096
2109,752294282480918528
2110,2956131500
2111,215513999
2112,1157286324342120450
2113,1056873215065186304
2114,734205801129091072
2115,845768100339339264
2116,213432878
2117,3104666443
2118,1156554895102578688
2119,278388288
2120,3239758939
2121,1148119212772093953
2122,1132491108544466944
2123,920061148141043712
2124,201682847
2125,1145881389906055168
2126,1530437989
2127,715827480771313664
2128,1084439950605443073
2129,1126704649405206529
2130,1041163503615143937
2131,892978382073348096
2132,972197965061214208
2133,1039509233383878656
2134,1041274224327852033
2135,3937914677
2136,845437864233975808
2137,272836656
2138,90847308
2139,795868300064395265
2140,3066429836
2141,922843978960998400
2142,1038552105626132480
2143,791198547345453056
2144,94485981
2145,939466822545432577
2146,978809706612342786
2147,899120445638627328
2148,2951396306
2149,108492726
2150,1127188487352926208
2151,108607085
2152,1109738828510580737
2153,1034751450629324800
2154,1033276742020947968
2155,1161477383804862464
2156,111293094
2157,1080040579663200257
2158,883277692287688705
2159,942530977406050304
2160,1097161018659217409
2161,1124220095201341440
2162,1171010142629842946
2163,1386205418
2164,1156291780482129920
2165,1151498791528230912
2166,1118037255505846272
2167,875517628973948928
2168,37514776
2169,790378926
2170,776810253467942912
2171,1125810583993929728
2172,1035933005846474752
2173,1133594684104667136
2174,878226476574711808
2175,1083276212577873920
2176,356228132
2177,123824313
2178,823798488446234624
2179,1059717833188237312
2180,919916251622776832
2181,1106560302819074049
2182,4109311032
2183,1135499096469303296
2184,939377913635340289
2185,252564588
2186,978392988022800384
2187,1151866761764954112
2188,1163072821662064644
2189,153379002
2190,1028157113523027968
2191,949611148227223552
2192,897323426704105473
2193,3017918274
2194,2607044647
2195,1123531292719468544
2196,314425636
2197,737150799650820096
2198,14083628
2199,1712590502
2200,868446456159453184
2201,214145321
2202,4593404534
2203,1053298018651238400
2204,1115178038889549824
2205,2202940472
2206,63413409
2207,985405361749241856
2208,1140781025825476608
2209,1054379953708355584
2210,1576726124
2211,1154713263176687617
2212,895270002160312324
2213,903689664711630848
2214,930086123694563328
2215,553473795
2216,1119914533
2217,1065623590668627969
2218,1081777756008939521
2219,858272498651078656
2220,910100599248580608
2221,216726259
2222,566955006
2223,4046060894
2224,1160418043618418688
2225,1026966080198258688
2226,378977252
2227,4365140894
2228,757005120995414016
2229,205487575
2230,963743060256440320
2231,2454941995
2232,811797282349645824
2233,910877927511810048
2234,3286662746
2235,1062268910559326208
2236,1160532768469614593
2237,212242406
2238,1165940772098543621
2239,3104833482
2240,103005652
2241,260322603
2242,749202760571039744
2243,1057509259192213506
2244,954835295047884800
2245,1149498639317790720
2246,780032327950807040
2247,3248050639
2248,2869844368
2249,1147456221596700672
2250,1157552411105345536
2251,1038662328181383168
2252,1145038633197400064
2253,361625228
2254,1036128959426048006
2255,1032184288408559621
2256,1142050867958304768
2257,3104555955
2258,1142241893314486273
2259,716467600339828740
2260,4767066192
2261,1126388942947766273
2262,842848783
2263,822457379295895552
2264,138060350
2265,257794241
2266,1135478640005636102
2267,1131722327912095744
2268,551642037
2269,2331547460
2270,595558443
2271,341261077
2272,848746007277912064
2273,1154978018302894081
2274,2162697578
2275,1027728773070782464
2276,1041118823062003714
2277,883820926449590272
2278,866209930394476546
2279,1157675897815572486
2280,1139357188458082304
2281,1130246758355820544
2282,1085382891369123845
2283,73039079
2284,609222364
2285,111366242
2286,1058317461991317504
2287,38221392
2288,1135799603951837184
2289,1157633922437533696
2290,1047171318766956544
2291,3623772192
2292,1119042937717841920
2293,1145488366416175104
2294,4395432433
2295,883506845091905544
2296,92499813
2297,943375275294826497
2298,922483242619383810
2299,916142971942084608
2300,1018551610174128128
2301,1145377946971959296
2302,824070649073188865
2303,1140961500414091264
2304,212632603
2305,16707004
2306,1425652621
2307,3148832052
2308,1147729413334638597
2309,896207253232955394
2310,989423028546097152
2311,4153160533
2312,371117238
2313,401294009
2314,555031989
2315,268531225
2316,1012616189770489856
2317,754331893173104641
2318,14787344
2319,246690376
2320,1151684980747059200
2321,1060410312
2322,1137641765370908672
2323,1153157188413616128
2324,1120195391415173121
2325,156553081
2326,221740656
2327,1161057352058978304
2328,749276820
2329,1145989878972203008
2330,967202185514598400
2331,234781762
2332,1120497304551563264
2333,2597405982
2334,2729115902
2335,993685787504857088
2336,1122791788136124418
2337,2457620318
2338,922316173923848197
2339,292942107
2340,73309845
2341,915976467686744064
2342,1588749038
2343,954940058288599041
2344,1159236888521248774
2345,888586769964204033
2346,1105413390841786369
2347,188284684
2348,106998456
2349,165711764
2350,785324270788325377
2351,133539790
2352,291429486
2353,838313517723734016
2354,1447673718
2355,1100975055385714690
2356,907873069372399616
2357,73750838
2358,2375192196
2359,915944304337502208
2360,124101871
2361,1023733791083257856
2362,1101269726301315072
2363,3393675553
2364,704930243325329408
2365,1958198856
2366,294938841
2367,4512504072
2368,265449673
2369,1161430056
2370,278362604
2371,955947379147993088
2372,1054909082342027264
2373,789023620915875841
2374,1078295217021714433
2375,1171594670
2376,1105051804906119169
2377,4831682063
2378,558393984
2379,754555785489678337
2380,3845213188
2381,1331202390
2382,969553866587979776
2383,2346823136
2384,465915379
2385,17366048
2386,722948354976534528
2387,1106345017163931648
2388,2795874176
2389,214828389
2390,1106169404021190658
2391,487119860
2392,3334677605
2393,1028095303604264960
2394,31672606
2395,18525573
2396,305020392
2397,291221970
2398,518145713
2399,1157314802848542725
2400,218379543
2401,953240157997604864
2402,1111493899904679938
2403,173653176
2404,244967326
2405,855043145091997697
2406,1916163072
2407,230149277
2408,1856227945
2409,1092023976153427970
2410,47989883
